Order ID,ProductID,Quantity,Order Date
O001,P39,1,01-01-2023
O002,P37,3,01-02-2023
O003,P95,1,01-03-2023
O004,P43,4,01-04-2023
O005,P84,6,01-05-2023
O006,P26,5,01-06-2023
O007,P95,2,01-07-2023
O008,P45,3,01-08-2023
O009,P16,4,01-09-2023
O010,P31,5,01-10-2023
O011,P47,1,01-11-2023
O012,P63,1,01-12-2023
O013,P83,4,01-13-2023
O014,P09,4,01-14-2023
O015,P74,6,01-15-2023
O016,P68,4,01-16-2023
O017,P100,8,01-17-2023
O018,P43,8,01-18-2023
O019,P82,2,01-19-2023
O020,P29,7,01-20-2023
O021,P48,5,01-21-2023
O022,P65,5,01-22-2023
O023,P47,5,01-23-2023
O024,P91,5,01-24-2023
O025,P44,4,01-25-2023
O026,P22,9,01-26-2023
O027,P93,8,01-27-2023
O028,P76,4,01-28-2023
O029,P09,5,01-29-2023
O030,P24,8,01-30-2023
O031,P40,9,01-31-2023
O032,P66,1,02-01-2023
O033,P38,5,02-02-2023
O034,P51,3,02-03-2023
O035,P40,6,02-04-2023
O036,P84,7,02-05-2023
O037,P89,6,02-06-2023
O038,P39,8,02-07-2023
O039,P87,2,02-08-2023
O040,P12,4,02-09-2023
O041,P76,5,02-10-2023
O042,P01,7,02-11-2023
O043,P61,1,02-12-2023
O044,P61,8,02-13-2023
O045,P10,8,02-14-2023
O046,P34,4,02-15-2023
O047,P99,6,02-16-2023
O048,P52,5,02-17-2023
O049,P70,9,02-18-2023
O050,P96,3,02-19-2023
O051,P78,9,02-20-2023
O052,P13,9,02-21-2023
O053,P39,5,02-22-2023
O054,P05,6,02-23-2023
O055,P66,9,02-24-2023
O056,P90,4,02-25-2023
O057,P66,7,02-26-2023
O058,P69,4,02-27-2023
O059,P51,8,02-28-2023
O060,P30,6,03-01-2023
O061,P36,9,03-02-2023
O062,P20,3,03-03-2023
O063,P82,6,03-04-2023
O064,P68,7,03-05-2023
O065,P96,9,03-06-2023
O066,P34,5,03-07-2023
O067,P36,6,03-08-2023
O068,P49,4,03-09-2023
O069,P92,3,03-10-2023
O070,P60,1,03-11-2023
O071,P37,9,03-12-2023
O072,P61,7,03-13-2023
O073,P14,1,03-14-2023
O074,P13,1,03-15-2023
O075,P78,8,03-16-2023
O076,P33,9,03-17-2023
O077,P39,5,03-18-2023
O078,P81,1,03-19-2023
O079,P35,5,03-20-2023
O080,P90,1,03-21-2023
O081,P30,6,03-22-2023
O082,P63,1,03-23-2023
O083,P60,8,03-24-2023
O084,P82,6,03-25-2023
O085,P96,7,03-26-2023
O086,P01,6,03-27-2023
O087,P61,6,03-28-2023
O088,P87,6,03-29-2023
O089,P46,5,03-30-2023
O090,P06,1,03-31-2023
O091,P98,4,04-01-2023
O092,P46,6,04-02-2023
O093,P75,3,04-03-2023
O094,P70,2,04-04-2023
O095,P12,6,04-05-2023
O096,P34,8,04-06-2023
O097,P33,5,04-07-2023
O098,P78,8,04-08-2023
O099,P63,3,04-09-2023
O100,P81,9,04-10-2023
